state_fips,county_fips,city_name,city_slug,parcel_count,lat,lon,parcel_source,zoning_source_kind,zoning_source_detail,zoning_source_url,vacancy_source,demand_source,waza_parcels,zoned_parcels,value_parcels,primary_zoning_jurisdiction,demand_generator_emitted
24,24510,Baltimore,baltimore,223139,39.311789,-76.618126,baltimore_egis,baltimore_egis_overlay,Baltimore City zoning districts + curated Article 32 YAML,https://geodata.baltimorecity.gov/,baltimore_assessor_raw_properties,auto_city_centroid,0,223120,0,baltimore_city,yes
53,53001,Othello city,othello_city,2739,46.822681,-119.164315,watech_current_parcels,waza_statewide,othello_city,https://services6.arcgis.com/tboeqGwETr5ppr5Q/arcgis/rest/services/WAZA_Prototype_Layers/FeatureServer/0,watech_VALUE_BLDG_VALUE_LAND,auto_city_centroid,2729,2729,2739,othello_city,yes
53,53001,Ritzville city,ritzville_city,1177,47.125791,-118.377621,watech_current_parcels,waza_statewide,ritzville_city,https://services6.arcgis.com/tboeqGwETr5ppr5Q/arcgis/rest/services/WAZA_Prototype_Layers/FeatureServer/0,watech_VALUE_BLDG_VALUE_LAND,auto_city_centroid,1171,1171,1177,ritzville_city,yes
53,53001,Lind town,lind_town,544,46.971816,-118.616139,watech_current_parcels,waza_statewide,waza configured for county — populate/join remaining (Lind town),https://services6.arcgis.com/tboeqGwETr5ppr5Q/arcgis/rest/services/WAZA_Prototype_Layers/FeatureServer/0,watech_VALUE_BLDG_VALUE_LAND,auto_city_centroid,1,1,544,adams_unincorporated,yes
53,53001,Washtucna town,washtucna_town,263,46.752495,-118.312698,watech_current_parcels,waza_statewide,waza configured for county — populate/join remaining (Washtucna town),https://services6.arcgis.com/tboeqGwETr5ppr5Q/arcgis/rest/services/WAZA_Prototype_Layers/FeatureServer/0,watech_VALUE_BLDG_VALUE_LAND,auto_city_centroid,2,2,263,adams_unincorporated,yes
53,53001,Hatton town,hatton_town,81,46.776378,-118.829094,watech_current_parcels,waza_statewide,waza configured for county — populate/join remaining (Hatton town),https://services6.arcgis.com/tboeqGwETr5ppr5Q/arcgis/rest/services/WAZA_Prototype_Layers/FeatureServer/0,watech_VALUE_BLDG_VALUE_LAND,auto_city_centroid,0,0,81,,yes
53,53003,Clarkston city,clarkston_city,2898,46.412959,-117.049863,watech_current_parcels,waza_statewide,waza configured for county — populate/join remaining (Clarkston city),https://services6.arcgis.com/tboeqGwETr5ppr5Q/arcgis/rest/services/WAZA_Prototype_Layers/FeatureServer/0,watech_VALUE_BLDG_VALUE_LAND,auto_city_centroid,7,7,2898,asotin_unincorporated,yes
53,53003,Asotin city,asotin_city,590,46.337444,-117.043462,watech_current_parcels,waza_statewide,asotin_city,https://services6.arcgis.com/tboeqGwETr5ppr5Q/arcgis/rest/services/WAZA_Prototype_Layers/FeatureServer/0,watech_VALUE_BLDG_VALUE_LAND,auto_city_centroid,587,587,590,asotin_city,yes
53,53005,Kennewick city,kennewick_city,10198,46.196666,-119.172046,watech_current_parcels,city_gis_catalog,kennewick_city,https://maps.ci.kennewick.wa.us/server/rest/services/Public/AllGISLayers/FeatureServer/59,watech_VALUE_BLDG_VALUE_LAND,auto_city_centroid,0,10189,10198,kennewick_city,yes
53,53005,Richland city,richland_city,8779,46.263853,-119.288212,watech_current_parcels,city_gis_catalog,richland_city,https://gisweb24.ci.richland.wa.us/arcgis24web/rest/services/Richland/Zoning/MapServer/0,watech_VALUE_BLDG_VALUE_LAND,auto_city_centroid,0,8522,8779,richland_city,yes
53,53005,West Richland city,west_richland_city,2360,46.284824,-119.358768,watech_current_parcels,county_or_local_overlay_present,zoning_code already on parcels,,watech_VALUE_BLDG_VALUE_LAND,auto_city_centroid,0,2355,2360,west_richland_city,yes
53,53005,Prosser city,prosser_city,931,46.204198,-119.772691,watech_current_parcels,county_or_local_overlay_present,zoning_code already on parcels,,watech_VALUE_BLDG_VALUE_LAND,auto_city_centroid,0,919,931,prosser_city,yes
53,53005,Benton City city,benton_city_city,519,46.268920,-119.489121,watech_current_parcels,county_or_local_overlay_present,zoning_code already on parcels,,watech_VALUE_BLDG_VALUE_LAND,auto_city_centroid,0,515,519,benton_city_city,yes
53,53007,Wenatchee city,wenatchee_city,6820,47.419828,-120.324546,watech_current_parcels,county_or_local_overlay_present,zoning_code already on parcels,,watech_VALUE_BLDG_VALUE_LAND,auto_city_centroid,0,6820,6820,wenatchee_city,yes
53,53007,Chelan city,chelan_city,1615,47.841113,-120.026964,watech_current_parcels,county_or_local_overlay_present,zoning_code already on parcels,,watech_VALUE_BLDG_VALUE_LAND,auto_city_centroid,0,1614,1615,chelan_city,yes
53,53007,Leavenworth city,leavenworth_city,832,47.593026,-120.668458,watech_current_parcels,county_or_local_overlay_present,zoning_code already on parcels,,watech_VALUE_BLDG_VALUE_LAND,auto_city_centroid,0,832,832,leavenworth_city,yes
53,53007,Cashmere city,cashmere_city,816,47.519169,-120.468704,watech_current_parcels,county_or_local_overlay_present,zoning_code already on parcels,,watech_VALUE_BLDG_VALUE_LAND,auto_city_centroid,0,815,816,cashmere_city,yes
53,53007,Entiat city,entiat_city,365,47.680754,-120.215087,watech_current_parcels,county_or_local_overlay_present,zoning_code already on parcels,,watech_VALUE_BLDG_VALUE_LAND,auto_city_centroid,0,359,365,entiat_city,yes
53,53009,Port Angeles city,port_angeles_city,10705,48.112922,-123.445415,watech_current_parcels,waza_statewide,port_angeles_city,https://services6.arcgis.com/tboeqGwETr5ppr5Q/arcgis/rest/services/WAZA_Prototype_Layers/FeatureServer/0,watech_VALUE_BLDG_VALUE_LAND,auto_city_centroid,9564,9564,10705,port_angeles_city,yes
53,53009,Sequim city,sequim_city,3854,48.076895,-123.098676,watech_current_parcels,waza_statewide,sequim_city,https://services6.arcgis.com/tboeqGwETr5ppr5Q/arcgis/rest/services/WAZA_Prototype_Layers/FeatureServer/0,watech_VALUE_BLDG_VALUE_LAND,auto_city_centroid,3684,3684,3854,sequim_city,yes
53,53009,Forks city,forks_city,1634,47.951250,-124.386365,watech_current_parcels,waza_statewide,forks_city,https://services6.arcgis.com/tboeqGwETr5ppr5Q/arcgis/rest/services/WAZA_Prototype_Layers/FeatureServer/0,watech_VALUE_BLDG_VALUE_LAND,auto_city_centroid,1633,1633,1634,forks_city,yes
53,53011,Vancouver city,vancouver_city,58759,45.633930,-122.575571,watech_current_parcels,county_or_local_overlay_present,zoning_code already on parcels,,watech_VALUE_BLDG_VALUE_LAND,auto_city_centroid,0,58759,58759,vancouver_city,yes
53,53011,Camas city,camas_city,11793,45.602728,-122.427375,watech_current_parcels,county_or_local_overlay_present,zoning_code already on parcels,,watech_VALUE_BLDG_VALUE_LAND,auto_city_centroid,0,11793,11793,camas_city,yes
53,53011,Battle Ground city,battle_ground_city,8886,45.781564,-122.541597,watech_current_parcels,county_or_local_overlay_present,zoning_code already on parcels,,watech_VALUE_BLDG_VALUE_LAND,auto_city_centroid,0,8886,8886,battle_ground_city,yes
53,53011,Washougal city,washougal_city,7189,45.586459,-122.344392,watech_current_parcels,county_or_local_overlay_present,zoning_code already on parcels,,watech_VALUE_BLDG_VALUE_LAND,auto_city_centroid,0,7188,7189,washougal_city,yes
53,53011,Ridgefield city,ridgefield_city,6916,45.811183,-122.710795,watech_current_parcels,county_or_local_overlay_present,zoning_code already on parcels,,watech_VALUE_BLDG_VALUE_LAND,auto_city_centroid,0,6915,6916,ridgefield_city,yes
53,53011,La Center city,la_center_city,2076,45.865640,-122.669502,watech_current_parcels,county_or_local_overlay_present,zoning_code already on parcels,,watech_VALUE_BLDG_VALUE_LAND,auto_city_centroid,0,2075,2076,la_center_city,yes
53,53011,Yacolt town,yacolt_town,693,45.865196,-122.406120,watech_current_parcels,county_or_local_overlay_present,zoning_code already on parcels,,watech_VALUE_BLDG_VALUE_LAND,auto_city_centroid,0,693,693,yacolt_city,yes
53,53011,Woodland city,woodland_city,49,45.899267,-122.742315,watech_current_parcels,needs_overlay_or_waza,parcel base present; queue Phase B / WAZA populate for this county,,watech_VALUE_BLDG_VALUE_LAND,auto_city_centroid,0,0,49,,yes
53,53013,Dayton city,dayton_city,797,46.316409,-117.975063,watech_current_parcels,county_or_local_overlay_present,zoning_code already on parcels,,watech_VALUE_BLDG_VALUE_LAND,auto_city_centroid,0,794,797,dayton_city,yes
53,53013,Starbuck town,starbuck_town,168,46.518434,-118.125991,watech_current_parcels,county_or_local_overlay_present,zoning_code already on parcels,,watech_VALUE_BLDG_VALUE_LAND,auto_city_centroid,0,168,168,starbuck_city,yes
53,53015,Longview city,longview_city,999,46.145302,-122.960775,watech_current_parcels,county_or_local_overlay_present,zoning_code already on parcels,,watech_VALUE_BLDG_VALUE_LAND,auto_city_centroid,0,999,999,longview_city,yes
53,53015,Kelso city,kelso_city,403,46.141018,-122.901601,watech_current_parcels,county_or_local_overlay_present,zoning_code already on parcels,,watech_VALUE_BLDG_VALUE_LAND,auto_city_centroid,0,403,403,kelso_city,yes
53,53015,Woodland city,woodland_city,178,45.915358,-122.740261,watech_current_parcels,county_or_local_overlay_present,zoning_code already on parcels,,watech_VALUE_BLDG_VALUE_LAND,auto_city_centroid,0,178,178,woodland_city,yes
53,53015,Kalama city,kalama_city,130,46.010013,-122.839265,watech_current_parcels,county_or_local_overlay_present,zoning_code already on parcels,,watech_VALUE_BLDG_VALUE_LAND,auto_city_centroid,0,130,130,kalama_city,yes
53,53015,Castle Rock city,castle_rock_city,86,46.275128,-122.906430,watech_current_parcels,county_or_local_overlay_present,zoning_code already on parcels,,watech_VALUE_BLDG_VALUE_LAND,auto_city_centroid,0,86,86,castle_rock_city,yes
53,53017,East Wenatchee city,east_wenatchee_city,4604,47.417081,-120.279541,watech_current_parcels,county_or_local_overlay_present,zoning_code already on parcels,,watech_VALUE_BLDG_VALUE_LAND,auto_city_centroid,0,4604,4604,east_wenatchee_city,yes
53,53017,Bridgeport city,bridgeport_city,939,48.006517,-119.671352,watech_current_parcels,county_or_local_overlay_present,zoning_code already on parcels,,watech_VALUE_BLDG_VALUE_LAND,auto_city_centroid,0,930,939,bridgeport_city,yes
53,53017,Waterville town,waterville_town,700,47.647497,-120.072014,watech_current_parcels,county_or_local_overlay_present,zoning_code already on parcels,,watech_VALUE_BLDG_VALUE_LAND,auto_city_centroid,0,700,700,waterville_city,yes
53,53017,Rock Island city,rock_island_city,611,47.375555,-120.143253,watech_current_parcels,county_or_local_overlay_present,zoning_code already on parcels,,watech_VALUE_BLDG_VALUE_LAND,auto_city_centroid,0,600,611,rock_island_city,yes
53,53017,Mansfield town,mansfield_town,293,47.812384,-119.640063,watech_current_parcels,county_or_local_overlay_present,zoning_code already on parcels,,watech_VALUE_BLDG_VALUE_LAND,auto_city_centroid,0,293,293,mansfield_city,yes
53,53017,Coulee Dam town,coulee_dam_town,107,47.964601,-118.985616,watech_current_parcels,needs_overlay_or_waza,parcel base present; queue Phase B / WAZA populate for this county,,watech_VALUE_BLDG_VALUE_LAND,auto_city_centroid,0,0,107,,yes
53,53019,(unincorporated),unincorporated,8665,48.646072,-118.537855,watech_current_parcels,none_no_traditional_zoning,Ferry County FAQ — no traditional zoning districts; leave null,,watech_VALUE_BLDG_VALUE_LAND,county_seat_or_metro_yaml,0,0,8665,,no
53,53019,Republic city,republic_city,540,48.647853,-118.735290,watech_current_parcels,none_no_traditional_zoning,Ferry County FAQ — no traditional zoning districts; leave null,,watech_VALUE_BLDG_VALUE_LAND,auto_city_centroid,0,0,540,,yes
53,53021,Pasco city,pasco_city,23536,46.256688,-119.151384,watech_current_parcels,city_gis_catalog,pasco_city,https://gis.pasco-wa.gov/gs/rest/services/Citybase_Published_Layers/Zoning/FeatureServer/0,watech_VALUE_BLDG_VALUE_LAND,auto_city_centroid,23518,23518,23536,pasco_city,yes
53,53021,Connell city,connell_city,1092,46.660181,-118.861435,watech_current_parcels,waza_statewide,connell_city,https://services6.arcgis.com/tboeqGwETr5ppr5Q/arcgis/rest/services/WAZA_Prototype_Layers/FeatureServer/0,watech_VALUE_BLDG_VALUE_LAND,auto_city_centroid,1090,1090,1092,connell_city,yes
53,53021,Mesa city,mesa_city,255,46.579119,-119.004272,watech_current_parcels,waza_statewide,mesa_city,https://services6.arcgis.com/tboeqGwETr5ppr5Q/arcgis/rest/services/WAZA_Prototype_Layers/FeatureServer/0,watech_VALUE_BLDG_VALUE_LAND,auto_city_centroid,254,254,255,mesa_city,yes
53,53021,Kahlotus city,kahlotus_city,175,46.642773,-118.556454,watech_current_parcels,waza_statewide,kahlotus_city,https://services6.arcgis.com/tboeqGwETr5ppr5Q/arcgis/rest/services/WAZA_Prototype_Layers/FeatureServer/0,watech_VALUE_BLDG_VALUE_LAND,auto_city_centroid,174,174,175,kahlotus_city,yes
53,53023,Pomeroy city,pomeroy_city,1024,46.473394,-117.596091,watech_current_parcels,county_or_local_overlay_present,zoning_code already on parcels,,watech_VALUE_BLDG_VALUE_LAND,auto_city_centroid,0,1023,1024,pomeroy_city,yes
53,53025,Moses Lake city,moses_lake_city,10365,47.121982,-119.289545,watech_current_parcels,waza_statewide,moses_lake_city,https://services6.arcgis.com/tboeqGwETr5ppr5Q/arcgis/rest/services/WAZA_Prototype_Layers/FeatureServer/0,watech_VALUE_BLDG_VALUE_LAND,auto_city_centroid,10294,10294,10365,moses_lake_city,yes
53,53025,Ephrata city,ephrata_city,3895,47.317315,-119.549256,watech_current_parcels,waza_statewide,ephrata_city,https://services6.arcgis.com/tboeqGwETr5ppr5Q/arcgis/rest/services/WAZA_Prototype_Layers/FeatureServer/0,watech_VALUE_BLDG_VALUE_LAND,auto_city_centroid,3894,3894,3895,ephrata_city,yes
53,53025,Quincy city,quincy_city,3003,47.235039,-119.852262,watech_current_parcels,waza_statewide,quincy_city,https://services6.arcgis.com/tboeqGwETr5ppr5Q/arcgis/rest/services/WAZA_Prototype_Layers/FeatureServer/0,watech_VALUE_BLDG_VALUE_LAND,auto_city_centroid,2999,2999,3003,quincy_city,yes
53,53025,Warden city,warden_city,1666,46.966310,-119.044802,watech_current_parcels,waza_statewide,warden_city,https://services6.arcgis.com/tboeqGwETr5ppr5Q/arcgis/rest/services/WAZA_Prototype_Layers/FeatureServer/0,watech_VALUE_BLDG_VALUE_LAND,auto_city_centroid,1664,1664,1666,warden_city,yes
53,53025,Soap Lake city,soap_lake_city,1510,47.388226,-119.489341,watech_current_parcels,waza_statewide,waza configured for county — populate/join remaining (Soap Lake city),https://services6.arcgis.com/tboeqGwETr5ppr5Q/arcgis/rest/services/WAZA_Prototype_Layers/FeatureServer/0,watech_VALUE_BLDG_VALUE_LAND,auto_city_centroid,0,0,1510,,yes
53,53025,Grand Coulee city,grand_coulee_city,1100,47.939660,-119.000925,watech_current_parcels,waza_statewide,grand_coulee_city,https://services6.arcgis.com/tboeqGwETr5ppr5Q/arcgis/rest/services/WAZA_Prototype_Layers/FeatureServer/0,watech_VALUE_BLDG_VALUE_LAND,auto_city_centroid,1077,1077,1100,grand_coulee_city,yes
53,53025,Electric City city,electric_city_city,736,47.930740,-119.036778,watech_current_parcels,waza_statewide,waza configured for county — populate/join remaining (Electric City city),https://services6.arcgis.com/tboeqGwETr5ppr5Q/arcgis/rest/services/WAZA_Prototype_Layers/FeatureServer/0,watech_VALUE_BLDG_VALUE_LAND,auto_city_centroid,1,1,736,grant_unincorporated,yes
53,53025,Mattawa city,mattawa_city,726,46.736907,-119.903001,watech_current_parcels,waza_statewide,mattawa_city,https://services6.arcgis.com/tboeqGwETr5ppr5Q/arcgis/rest/services/WAZA_Prototype_Layers/FeatureServer/0,watech_VALUE_BLDG_VALUE_LAND,auto_city_centroid,721,721,726,mattawa_city,yes
53,53025,Royal City city,royal_city_city,659,46.903166,-119.626703,watech_current_parcels,waza_statewide,royal_city_city,https://services6.arcgis.com/tboeqGwETr5ppr5Q/arcgis/rest/services/WAZA_Prototype_Layers/FeatureServer/0,watech_VALUE_BLDG_VALUE_LAND,auto_city_centroid,539,539,659,royal_city_city,yes
53,53025,Coulee City town,coulee_city_town,572,47.612131,-119.289951,watech_current_parcels,waza_statewide,coulee_city_city,https://services6.arcgis.com/tboeqGwETr5ppr5Q/arcgis/rest/services/WAZA_Prototype_Layers/FeatureServer/0,watech_VALUE_BLDG_VALUE_LAND,auto_city_centroid,570,570,572,coulee_city_city,yes
53,53025,George city,george_city,366,47.079344,-119.856732,watech_current_parcels,waza_statewide,george_city,https://services6.arcgis.com/tboeqGwETr5ppr5Q/arcgis/rest/services/WAZA_Prototype_Layers/FeatureServer/0,watech_VALUE_BLDG_VALUE_LAND,auto_city_centroid,365,365,366,george_city,yes
53,53025,Wilson Creek town,wilson_creek_town,283,47.423860,-119.121798,watech_current_parcels,waza_statewide,wilson_creek_city,https://services6.arcgis.com/tboeqGwETr5ppr5Q/arcgis/rest/services/WAZA_Prototype_Layers/FeatureServer/0,watech_VALUE_BLDG_VALUE_LAND,auto_city_centroid,283,283,283,wilson_creek_city,yes
53,53025,Hartline town,hartline_town,187,47.689522,-119.107941,watech_current_parcels,waza_statewide,waza configured for county — populate/join remaining (Hartline town),https://services6.arcgis.com/tboeqGwETr5ppr5Q/arcgis/rest/services/WAZA_Prototype_Layers/FeatureServer/0,watech_VALUE_BLDG_VALUE_LAND,auto_city_centroid,0,0,187,,yes
53,53025,Krupp (Marlin) town,krupp_marlin_town,99,47.408677,-118.986378,watech_current_parcels,waza_statewide,waza configured for county — populate/join remaining (Krupp (Marlin) town),https://services6.arcgis.com/tboeqGwETr5ppr5Q/arcgis/rest/services/WAZA_Prototype_Layers/FeatureServer/0,watech_VALUE_BLDG_VALUE_LAND,auto_city_centroid,0,0,99,,yes
53,53025,Coulee Dam town,coulee_dam_town,10,47.961588,-118.986836,watech_current_parcels,waza_statewide,waza configured for county — populate/join remaining (Coulee Dam town),https://services6.arcgis.com/tboeqGwETr5ppr5Q/arcgis/rest/services/WAZA_Prototype_Layers/FeatureServer/0,watech_VALUE_BLDG_VALUE_LAND,county_seat_or_metro_yaml,0,0,10,,no
53,53027,Ocean Shores city,ocean_shores_city,11608,46.970796,-124.156218,watech_current_parcels,county_or_local_overlay_present,zoning_code already on parcels,,watech_VALUE_BLDG_VALUE_LAND,auto_city_centroid,0,11578,11608,ocean_shores_city,yes
53,53027,Aberdeen city,aberdeen_city,8190,46.975270,-123.817734,watech_current_parcels,county_or_local_overlay_present,zoning_code already on parcels,,watech_VALUE_BLDG_VALUE_LAND,auto_city_centroid,0,7916,8190,aberdeen_city,yes
53,53027,Hoquiam city,hoquiam_city,4223,46.981814,-123.883149,watech_current_parcels,county_or_local_overlay_present,zoning_code already on parcels,,watech_VALUE_BLDG_VALUE_LAND,auto_city_centroid,0,4165,4223,hoquiam_city,yes
53,53027,Westport city,westport_city,2374,46.886084,-124.111584,watech_current_parcels,county_or_local_overlay_present,zoning_code already on parcels,,watech_VALUE_BLDG_VALUE_LAND,auto_city_centroid,0,2351,2374,westport_city,yes
53,53027,Montesano city,montesano_city,1957,46.983458,-123.599001,watech_current_parcels,county_or_local_overlay_present,zoning_code already on parcels,,watech_VALUE_BLDG_VALUE_LAND,auto_city_centroid,0,1938,1957,montesano_city,yes
53,53027,Elma city,elma_city,1491,47.006741,-123.411002,watech_current_parcels,county_or_local_overlay_present,zoning_code already on parcels,,watech_VALUE_BLDG_VALUE_LAND,auto_city_centroid,0,1478,1491,elma_city,yes
53,53027,Cosmopolis city,cosmopolis_city,947,46.952563,-123.777323,watech_current_parcels,county_or_local_overlay_present,zoning_code already on parcels,,watech_VALUE_BLDG_VALUE_LAND,auto_city_centroid,0,931,947,cosmopolis_city,yes
53,53027,McCleary city,mccleary_city,942,47.058415,-123.267058,watech_current_parcels,county_or_local_overlay_present,zoning_code already on parcels,,watech_VALUE_BLDG_VALUE_LAND,auto_city_centroid,0,939,942,mccleary_city,yes
53,53027,Oakville city,oakville_city,453,46.839668,-123.233940,watech_current_parcels,county_or_local_overlay_present,zoning_code already on parcels,,watech_VALUE_BLDG_VALUE_LAND,auto_city_centroid,0,451,453,oakville_city,yes
53,53029,Oak Harbor city,oak_harbor_city,7781,48.296512,-122.661645,watech_current_parcels,county_or_local_overlay_present,zoning_code already on parcels,,watech_VALUE_BLDG_VALUE_LAND,auto_city_centroid,0,7765,7781,oak_harbor_city,yes
53,53029,Coupeville town,coupeville_town,1197,48.215963,-122.681898,watech_current_parcels,county_or_local_overlay_present,zoning_code already on parcels,,watech_VALUE_BLDG_VALUE_LAND,auto_city_centroid,0,1196,1197,coupeville_city,yes
53,53029,Langley city,langley_city,871,48.035983,-122.406360,watech_current_parcels,county_or_local_overlay_present,zoning_code already on parcels,,watech_VALUE_BLDG_VALUE_LAND,auto_city_centroid,0,871,871,langley_city,yes
53,53031,Port Townsend city,port_townsend_city,4300,48.118714,-122.788198,watech_current_parcels,county_or_local_overlay_present,zoning_code already on parcels,,watech_VALUE_BLDG_VALUE_LAND,auto_city_centroid,0,4290,4300,port_townsend_city,yes
53,53033,Kent city,kent_city,24582,47.384574,-122.201761,watech_current_parcels,county_phase_b_overlay,king_unincorporated_zoning,,watech_VALUE_BLDG_VALUE_LAND,auto_city_centroid,0,24448,24582,kent_city,yes
53,53033,Seattle city,seattle_city,3177,47.603635,-122.302763,watech_current_parcels,county_phase_b_overlay,king_unincorporated_zoning,,watech_VALUE_BLDG_VALUE_LAND,auto_city_centroid,0,3177,3175,seattle_city,yes
53,53033,Milton city,milton_city,289,47.260439,-122.306587,watech_current_parcels,city_gis_catalog,king_unincorporated,https://gismaps.kingcounty.gov/ArcGIS/rest/services/Districts/DistrictsReport/MapServer/22,watech_VALUE_BLDG_VALUE_LAND,auto_city_centroid,0,0,289,king_unincorporated,yes
53,53033,Yarrow Point town,yarrow_point_town,227,47.648194,-122.216181,watech_current_parcels,county_phase_b_overlay,king_unincorporated_zoning,,watech_VALUE_BLDG_VALUE_LAND,auto_city_centroid,0,218,227,yarrow_point_city,yes
53,53033,Kirkland city,kirkland_city,195,47.674605,-122.215663,watech_current_parcels,county_phase_b_overlay,king_unincorporated_zoning,,watech_VALUE_BLDG_VALUE_LAND,auto_city_centroid,0,194,195,kirkland_city,yes
53,53033,Federal Way city,federal_way_city,187,47.296200,-122.350423,watech_current_parcels,city_gis_catalog,king_unincorporated,https://gismaps.kingcounty.gov/ArcGIS/rest/services/Districts/DistrictsReport/MapServer/22,watech_VALUE_BLDG_VALUE_LAND,auto_city_centroid,0,0,187,king_unincorporated,yes
53,53033,Kenmore city,kenmore_city,146,47.772741,-122.238128,watech_current_parcels,county_phase_b_overlay,king_unincorporated_zoning,,watech_VALUE_BLDG_VALUE_LAND,auto_city_centroid,0,146,146,kenmore_city,yes
53,53033,Auburn city,auburn_city,122,47.325478,-122.247251,watech_current_parcels,county_phase_b_overlay,king_unincorporated_zoning,,watech_VALUE_BLDG_VALUE_LAND,auto_city_centroid,0,122,122,auburn_city,yes
53,53033,Bellevue city,bellevue_city,119,47.640034,-122.187186,watech_current_parcels,county_phase_b_overlay,king_unincorporated_zoning,,watech_VALUE_BLDG_VALUE_LAND,auto_city_centroid,0,119,119,bellevue_city,yes
53,53033,Burien city,burien_city,88,47.474180,-122.347230,watech_current_parcels,county_phase_b_overlay,king_unincorporated_zoning,,watech_VALUE_BLDG_VALUE_LAND,auto_city_centroid,0,88,88,burien_city,yes
53,53033,Bothell city,bothell_city,72,47.763949,-122.204119,watech_current_parcels,city_gis_catalog,king_unincorporated,https://gismaps.kingcounty.gov/ArcGIS/rest/services/Districts/DistrictsReport/MapServer/22,watech_VALUE_BLDG_VALUE_LAND,auto_city_centroid,0,0,72,king_unincorporated,yes
53,53033,Redmond city,redmond_city,58,47.707866,-122.110332,watech_current_parcels,county_phase_b_overlay,king_unincorporated_zoning,,watech_VALUE_BLDG_VALUE_LAND,auto_city_centroid,0,58,58,redmond_city,yes
53,53033,Sammamish city,sammamish_city,48,47.592088,-122.023412,watech_current_parcels,county_phase_b_overlay,king_unincorporated_zoning,,watech_VALUE_BLDG_VALUE_LAND,auto_city_centroid,0,48,48,sammamish_city,yes
53,53033,Renton city,renton_city,40,47.483379,-122.173562,watech_current_parcels,county_phase_b_overlay,king_unincorporated_zoning,,watech_VALUE_BLDG_VALUE_LAND,auto_city_centroid,0,39,40,renton_city,yes
53,53033,Enumclaw city,enumclaw_city,25,47.209315,-121.991282,watech_current_parcels,county_phase_b_overlay,king_unincorporated_zoning,,watech_VALUE_BLDG_VALUE_LAND,auto_city_centroid,0,25,25,enumclaw_city,yes
53,53033,Newcastle city,newcastle_city,17,47.526245,-122.187903,watech_current_parcels,county_phase_b_overlay,king_unincorporated_zoning,,watech_VALUE_BLDG_VALUE_LAND,county_seat_or_metro_yaml,0,17,17,newcastle_city,no
53,53033,Des Moines city,des_moines_city,15,47.394811,-122.321628,watech_current_parcels,county_phase_b_overlay,king_unincorporated_zoning,,watech_VALUE_BLDG_VALUE_LAND,county_seat_or_metro_yaml,0,14,15,des_moines_city,no
53,53033,Issaquah city,issaquah_city,14,47.544566,-122.017108,watech_current_parcels,county_phase_b_overlay,king_unincorporated_zoning,,watech_VALUE_BLDG_VALUE_LAND,county_seat_or_metro_yaml,0,14,14,issaquah_city,no
53,53033,Woodinville city,woodinville_city,14,47.761573,-122.164242,watech_current_parcels,county_phase_b_overlay,king_unincorporated_zoning,,watech_VALUE_BLDG_VALUE_LAND,county_seat_or_metro_yaml,0,14,14,woodinville_city,no
53,53033,Tukwila city,tukwila_city,13,47.473077,-122.280110,watech_current_parcels,county_phase_b_overlay,king_unincorporated_zoning,,watech_VALUE_BLDG_VALUE_LAND,county_seat_or_metro_yaml,0,12,13,tukwila_city,no
53,53033,Maple Valley city,maple_valley_city,10,47.385138,-122.034558,watech_current_parcels,county_phase_b_overlay,king_unincorporated_zoning,,watech_VALUE_BLDG_VALUE_LAND,county_seat_or_metro_yaml,0,10,10,maple_valley_city,no
53,53033,Buckley city,buckley_city,8,47.170316,-122.005423,watech_current_parcels,city_gis_catalog,king_unincorporated,https://gismaps.kingcounty.gov/ArcGIS/rest/services/Districts/DistrictsReport/MapServer/22,watech_VALUE_BLDG_VALUE_LAND,county_seat_or_metro_yaml,0,3,8,king_unincorporated,no
53,53033,Clyde Hill city,clyde_hill_city,5,47.634910,-122.219695,watech_current_parcels,county_phase_b_overlay,king_unincorporated_zoning,,watech_VALUE_BLDG_VALUE_LAND,county_seat_or_metro_yaml,0,5,5,clyde_hill_city,no
53,53033,Tacoma city,tacoma_city,5,47.294694,-122.387377,watech_current_parcels,city_gis_catalog,king_unincorporated,https://gismaps.kingcounty.gov/ArcGIS/rest/services/Districts/DistrictsReport/MapServer/22,watech_VALUE_BLDG_VALUE_LAND,county_seat_or_metro_yaml,0,0,5,king_unincorporated,no
53,53033,Mercer Island city,mercer_island_city,4,47.564938,-122.214689,watech_current_parcels,county_phase_b_overlay,king_unincorporated_zoning,,watech_VALUE_BLDG_VALUE_LAND,county_seat_or_metro_yaml,0,4,4,mercer_island_city,no
53,53033,Covington city,covington_city,2,47.352464,-122.106390,watech_current_parcels,city_gis_catalog,king_unincorporated,https://gismaps.kingcounty.gov/ArcGIS/rest/services/Districts/DistrictsReport/MapServer/22,watech_VALUE_BLDG_VALUE_LAND,county_seat_or_metro_yaml,0,1,2,king_unincorporated,no
53,53033,North Bend city,north_bend_city,2,47.496058,-121.785486,watech_current_parcels,county_phase_b_overlay,king_unincorporated_zoning,,watech_VALUE_BLDG_VALUE_LAND,county_seat_or_metro_yaml,0,2,2,north_bend_city,no
53,53033,Snoqualmie city,snoqualmie_city,2,47.544371,-121.861770,watech_current_parcels,county_phase_b_overlay,king_unincorporated_zoning,,watech_VALUE_BLDG_VALUE_LAND,county_seat_or_metro_yaml,0,2,2,snoqualmie_city,no
53,53033,Carnation city,carnation_city,1,47.642381,-121.906979,watech_current_parcels,county_phase_b_overlay,king_unincorporated_zoning,,watech_VALUE_BLDG_VALUE_LAND,county_seat_or_metro_yaml,0,1,1,carnation_city,no
53,53033,Duvall city,duvall_city,1,47.734248,-121.971206,watech_current_parcels,city_gis_catalog,king_unincorporated,https://gismaps.kingcounty.gov/ArcGIS/rest/services/Districts/DistrictsReport/MapServer/22,watech_VALUE_BLDG_VALUE_LAND,county_seat_or_metro_yaml,0,0,1,king_unincorporated,no
53,53035,Bremerton city,bremerton_city,13393,47.572808,-122.650445,watech_current_parcels,county_phase_b_overlay,kitsap_county_zoning,,watech_VALUE_BLDG_VALUE_LAND,auto_city_centroid,0,13391,13393,bremerton_city,yes
53,53035,Bainbridge Island city,bainbridge_island_city,11373,47.643891,-122.534205,watech_current_parcels,county_phase_b_overlay,kitsap_county_zoning,,watech_VALUE_BLDG_VALUE_LAND,auto_city_centroid,0,11270,11373,bainbridge_island_city,yes
53,53035,Port Orchard city,port_orchard_city,7273,47.514554,-122.662370,watech_current_parcels,county_phase_b_overlay,kitsap_county_zoning,,watech_VALUE_BLDG_VALUE_LAND,auto_city_centroid,0,7272,7273,port_orchard_city,yes
53,53035,Poulsbo city,poulsbo_city,4807,47.741954,-122.637734,watech_current_parcels,county_phase_b_overlay,kitsap_county_zoning,,watech_VALUE_BLDG_VALUE_LAND,auto_city_centroid,0,4762,4807,poulsbo_city,yes
53,53037,Ellensburg city,ellensburg_city,5688,47.002382,-120.542752,watech_current_parcels,county_or_local_overlay_present,zoning_code already on parcels,,watech_VALUE_BLDG_VALUE_LAND,auto_city_centroid,0,5685,5688,ellensburg_city,yes
53,53037,Cle Elum city,cle_elum_city,1509,47.195637,-120.939567,watech_current_parcels,county_or_local_overlay_present,zoning_code already on parcels,,watech_VALUE_BLDG_VALUE_LAND,auto_city_centroid,0,1505,1509,cle_elum_city,yes
53,53037,Roslyn city,roslyn_city,906,47.222794,-120.996066,watech_current_parcels,county_or_local_overlay_present,zoning_code already on parcels,,watech_VALUE_BLDG_VALUE_LAND,auto_city_centroid,0,900,906,roslyn_city,yes
53,53037,Kittitas city,kittitas_city,599,46.986501,-120.419043,watech_current_parcels,county_or_local_overlay_present,zoning_code already on parcels,,watech_VALUE_BLDG_VALUE_LAND,auto_city_centroid,0,594,599,kittitas_city,yes
53,53037,South Cle Elum town,south_cle_elum_town,383,47.186301,-120.952496,watech_current_parcels,county_or_local_overlay_present,zoning_code already on parcels,,watech_VALUE_BLDG_VALUE_LAND,auto_city_centroid,0,364,383,south_cle_elum_city,yes
53,53039,Goldendale city,goldendale_city,1777,45.820316,-120.820726,watech_current_parcels,county_or_local_overlay_present,zoning_code already on parcels,,watech_VALUE_BLDG_VALUE_LAND,auto_city_centroid,0,1776,1777,goldendale_city,yes
53,53039,White Salmon city,white_salmon_city,1264,45.728847,-121.485112,watech_current_parcels,county_or_local_overlay_present,zoning_code already on parcels,,watech_VALUE_BLDG_VALUE_LAND,auto_city_centroid,0,1247,1264,white_salmon_city,yes
53,53039,Bingen city,bingen_city,364,45.715782,-121.465508,watech_current_parcels,county_or_local_overlay_present,zoning_code already on parcels,,watech_VALUE_BLDG_VALUE_LAND,auto_city_centroid,0,356,364,bingen_city,yes
53,53041,Centralia city,centralia_city,6200,46.722297,-122.963339,watech_current_parcels,county_or_local_overlay_present,zoning_code already on parcels,,watech_VALUE_BLDG_VALUE_LAND,auto_city_centroid,0,6200,6200,centralia_city,yes
53,53041,Chehalis city,chehalis_city,3027,46.658295,-122.960533,watech_current_parcels,county_or_local_overlay_present,zoning_code already on parcels,,watech_VALUE_BLDG_VALUE_LAND,auto_city_centroid,0,3027,3027,chehalis_city,yes
53,53041,Winlock city,winlock_city,999,46.489954,-122.936182,watech_current_parcels,county_or_local_overlay_present,zoning_code already on parcels,,watech_VALUE_BLDG_VALUE_LAND,auto_city_centroid,0,999,999,winlock_city,yes
53,53041,Napavine city,napavine_city,979,46.580326,-122.909781,watech_current_parcels,county_or_local_overlay_present,zoning_code already on parcels,,watech_VALUE_BLDG_VALUE_LAND,auto_city_centroid,0,979,979,napavine_city,yes
53,53041,Morton city,morton_city,747,46.557985,-122.280508,watech_current_parcels,county_or_local_overlay_present,zoning_code already on parcels,,watech_VALUE_BLDG_VALUE_LAND,auto_city_centroid,0,747,747,morton_city,yes
53,53041,Vader city,vader_city,420,46.401154,-122.956728,watech_current_parcels,county_or_local_overlay_present,zoning_code already on parcels,,watech_VALUE_BLDG_VALUE_LAND,auto_city_centroid,0,420,420,vader_city,yes
53,53041,Toledo city,toledo_city,376,46.439828,-122.848326,watech_current_parcels,county_or_local_overlay_present,zoning_code already on parcels,,watech_VALUE_BLDG_VALUE_LAND,auto_city_centroid,0,376,376,toledo_city,yes
53,53041,Mossyrock city,mossyrock_city,326,46.529667,-122.486683,watech_current_parcels,county_or_local_overlay_present,zoning_code already on parcels,,watech_VALUE_BLDG_VALUE_LAND,auto_city_centroid,0,326,326,mossyrock_city,yes
53,53041,Pe Ell town,pe_ell_town,275,46.571938,-123.296465,watech_current_parcels,needs_overlay_or_waza,parcel base present; queue Phase B / WAZA populate for this county,,watech_VALUE_BLDG_VALUE_LAND,auto_city_centroid,0,0,275,,yes
53,53043,(unincorporated),unincorporated,16559,47.661152,-118.359318,watech_current_parcels,waza_statewide,lincoln_unincorporated,https://services6.arcgis.com/tboeqGwETr5ppr5Q/arcgis/rest/services/WAZA_Prototype_Layers/FeatureServer/0,watech_VALUE_BLDG_VALUE_LAND,county_seat_or_metro_yaml,14313,14313,16559,lincoln_unincorporated,no
53,53043,Odessa town,odessa_town,482,47.331375,-118.689061,watech_current_parcels,waza_statewide,waza configured for county — populate/join remaining (Odessa town),https://services6.arcgis.com/tboeqGwETr5ppr5Q/arcgis/rest/services/WAZA_Prototype_Layers/FeatureServer/0,watech_VALUE_BLDG_VALUE_LAND,auto_city_centroid,3,3,482,lincoln_unincorporated,yes
53,53043,Davenport city,davenport_city,2,47.668492,-118.144339,watech_current_parcels,waza_statewide,waza configured for county — populate/join remaining (Davenport city),https://services6.arcgis.com/tboeqGwETr5ppr5Q/arcgis/rest/services/WAZA_Prototype_Layers/FeatureServer/0,watech_VALUE_BLDG_VALUE_LAND,county_seat_or_metro_yaml,0,0,2,,no
53,53043,Almira town,almira_town,1,47.715561,-118.944451,watech_current_parcels,waza_statewide,waza configured for county — populate/join remaining (Almira town),https://services6.arcgis.com/tboeqGwETr5ppr5Q/arcgis/rest/services/WAZA_Prototype_Layers/FeatureServer/0,watech_VALUE_BLDG_VALUE_LAND,county_seat_or_metro_yaml,0,0,1,,no
53,53043,Reardan town,reardan_town,1,47.671765,-117.886609,watech_current_parcels,waza_statewide,waza configured for county — populate/join remaining (Reardan town),https://services6.arcgis.com/tboeqGwETr5ppr5Q/arcgis/rest/services/WAZA_Prototype_Layers/FeatureServer/0,watech_VALUE_BLDG_VALUE_LAND,county_seat_or_metro_yaml,0,0,1,,no
53,53043,Wilbur town,wilbur_town,1,47.767039,-118.727401,watech_current_parcels,waza_statewide,waza configured for county — populate/join remaining (Wilbur town),https://services6.arcgis.com/tboeqGwETr5ppr5Q/arcgis/rest/services/WAZA_Prototype_Layers/FeatureServer/0,watech_VALUE_BLDG_VALUE_LAND,county_seat_or_metro_yaml,0,0,1,,no
53,53045,Shelton city,shelton_city,2043,47.211962,-123.105405,watech_current_parcels,county_or_local_overlay_present,zoning_code already on parcels,,watech_VALUE_BLDG_VALUE_LAND,auto_city_centroid,0,2041,2043,shelton_city,yes
53,53047,(unincorporated),unincorporated,39853,48.541846,-119.590565,watech_current_parcels,waza_statewide,okanogan_unincorporated,https://services6.arcgis.com/tboeqGwETr5ppr5Q/arcgis/rest/services/WAZA_Prototype_Layers/FeatureServer/0,watech_VALUE_BLDG_VALUE_LAND,county_seat_or_metro_yaml,39677,39677,39853,okanogan_unincorporated,no
53,53047,Omak city,omak_city,2340,48.411070,-119.526245,watech_current_parcels,waza_statewide,waza configured for county — populate/join remaining (Omak city),https://services6.arcgis.com/tboeqGwETr5ppr5Q/arcgis/rest/services/WAZA_Prototype_Layers/FeatureServer/0,watech_VALUE_BLDG_VALUE_LAND,auto_city_centroid,6,6,2340,okanogan_unincorporated,yes
53,53047,Okanogan city,okanogan_city,1308,48.366378,-119.580937,watech_current_parcels,waza_statewide,waza configured for county — populate/join remaining (Okanogan city),https://services6.arcgis.com/tboeqGwETr5ppr5Q/arcgis/rest/services/WAZA_Prototype_Layers/FeatureServer/0,watech_VALUE_BLDG_VALUE_LAND,auto_city_centroid,5,5,1308,okanogan_unincorporated,yes
53,53047,Oroville city,oroville_city,1180,48.937222,-119.435054,watech_current_parcels,waza_statewide,waza configured for county — populate/join remaining (Oroville city),https://services6.arcgis.com/tboeqGwETr5ppr5Q/arcgis/rest/services/WAZA_Prototype_Layers/FeatureServer/0,watech_VALUE_BLDG_VALUE_LAND,auto_city_centroid,4,4,1180,okanogan_unincorporated,yes
53,53047,Brewster city,brewster_city,953,48.098880,-119.781228,watech_current_parcels,waza_statewide,waza configured for county — populate/join remaining (Brewster city),https://services6.arcgis.com/tboeqGwETr5ppr5Q/arcgis/rest/services/WAZA_Prototype_Layers/FeatureServer/0,watech_VALUE_BLDG_VALUE_LAND,auto_city_centroid,1,1,953,okanogan_unincorporated,yes
53,53047,Winthrop town,winthrop_town,740,48.472754,-120.179230,watech_current_parcels,waza_statewide,winthrop_city,https://services6.arcgis.com/tboeqGwETr5ppr5Q/arcgis/rest/services/WAZA_Prototype_Layers/FeatureServer/0,watech_VALUE_BLDG_VALUE_LAND,auto_city_centroid,738,738,740,winthrop_city,yes
53,53047,Twisp town,twisp_town,730,48.362603,-120.118972,watech_current_parcels,waza_statewide,twisp_city,https://services6.arcgis.com/tboeqGwETr5ppr5Q/arcgis/rest/services/WAZA_Prototype_Layers/FeatureServer/0,watech_VALUE_BLDG_VALUE_LAND,auto_city_centroid,725,725,730,twisp_city,yes
53,53047,Tonasket city,tonasket_city,653,48.704943,-119.438184,watech_current_parcels,waza_statewide,tonasket_city,https://services6.arcgis.com/tboeqGwETr5ppr5Q/arcgis/rest/services/WAZA_Prototype_Layers/FeatureServer/0,watech_VALUE_BLDG_VALUE_LAND,auto_city_centroid,641,641,653,tonasket_city,yes
53,53047,Pateros city,pateros_city,370,48.052823,-119.903882,watech_current_parcels,waza_statewide,pateros_city,https://services6.arcgis.com/tboeqGwETr5ppr5Q/arcgis/rest/services/WAZA_Prototype_Layers/FeatureServer/0,watech_VALUE_BLDG_VALUE_LAND,auto_city_centroid,368,368,370,pateros_city,yes
53,53047,Conconully town,conconully_town,313,48.559264,-119.750628,watech_current_parcels,waza_statewide,waza configured for county — populate/join remaining (Conconully town),https://services6.arcgis.com/tboeqGwETr5ppr5Q/arcgis/rest/services/WAZA_Prototype_Layers/FeatureServer/0,watech_VALUE_BLDG_VALUE_LAND,auto_city_centroid,0,0,313,,yes
53,53047,Riverside town,riverside_town,294,48.502663,-119.508572,watech_current_parcels,waza_statewide,waza configured for county — populate/join remaining (Riverside town),https://services6.arcgis.com/tboeqGwETr5ppr5Q/arcgis/rest/services/WAZA_Prototype_Layers/FeatureServer/0,watech_VALUE_BLDG_VALUE_LAND,auto_city_centroid,1,1,294,okanogan_unincorporated,yes
53,53047,Elmer City town,elmer_city_town,281,48.000748,-118.957793,watech_current_parcels,waza_statewide,waza configured for county — populate/join remaining (Elmer City town),https://services6.arcgis.com/tboeqGwETr5ppr5Q/arcgis/rest/services/WAZA_Prototype_Layers/FeatureServer/0,watech_VALUE_BLDG_VALUE_LAND,auto_city_centroid,3,3,281,okanogan_unincorporated,yes
53,53047,Coulee Dam town,coulee_dam_town,207,47.971375,-118.970967,watech_current_parcels,waza_statewide,coulee_dam_city,https://services6.arcgis.com/tboeqGwETr5ppr5Q/arcgis/rest/services/WAZA_Prototype_Layers/FeatureServer/0,watech_VALUE_BLDG_VALUE_LAND,auto_city_centroid,207,207,207,coulee_dam_city,yes
53,53047,Nespelem town,nespelem_town,207,48.166406,-118.974682,watech_current_parcels,waza_statewide,waza configured for county — populate/join remaining (Nespelem town),https://services6.arcgis.com/tboeqGwETr5ppr5Q/arcgis/rest/services/WAZA_Prototype_Layers/FeatureServer/0,watech_VALUE_BLDG_VALUE_LAND,auto_city_centroid,0,0,207,,yes
53,53049,Raymond city,raymond_city,2231,46.682787,-123.736852,watech_current_parcels,county_or_local_overlay_present,zoning_code already on parcels,,watech_VALUE_BLDG_VALUE_LAND,auto_city_centroid,0,2221,2231,raymond_city,yes
53,53049,Long Beach city,long_beach_city,1982,46.356838,-124.054812,watech_current_parcels,county_or_local_overlay_present,zoning_code already on parcels,,watech_VALUE_BLDG_VALUE_LAND,auto_city_centroid,0,1973,1982,long_beach_city,yes
53,53049,South Bend city,south_bend_city,1292,46.664872,-123.798957,watech_current_parcels,county_or_local_overlay_present,zoning_code already on parcels,,watech_VALUE_BLDG_VALUE_LAND,auto_city_centroid,0,1289,1292,south_bend_city,yes
53,53049,Ilwaco city,ilwaco_city,1039,46.309446,-124.037382,watech_current_parcels,county_or_local_overlay_present,zoning_code already on parcels,,watech_VALUE_BLDG_VALUE_LAND,auto_city_centroid,0,996,1039,ilwaco_city,yes
53,53051,(unincorporated),unincorporated,13559,48.313266,-117.261005,watech_current_parcels,waza_statewide,pend_oreille_unincorporated,https://services6.arcgis.com/tboeqGwETr5ppr5Q/arcgis/rest/services/WAZA_Prototype_Layers/FeatureServer/0,watech_VALUE_BLDG_VALUE_LAND,county_seat_or_metro_yaml,13547,13547,13559,pend_oreille_unincorporated,no
53,53051,Newport city,newport_city,1034,48.180806,-117.049066,watech_current_parcels,waza_statewide,waza configured for county — populate/join remaining (Newport city),https://services6.arcgis.com/tboeqGwETr5ppr5Q/arcgis/rest/services/WAZA_Prototype_Layers/FeatureServer/0,watech_VALUE_BLDG_VALUE_LAND,auto_city_centroid,1,1,1034,pend_oreille_unincorporated,yes
53,53051,Ione town,ione_town,362,48.741243,-117.422703,watech_current_parcels,waza_statewide,waza configured for county — populate/join remaining (Ione town),https://services6.arcgis.com/tboeqGwETr5ppr5Q/arcgis/rest/services/WAZA_Prototype_Layers/FeatureServer/0,watech_VALUE_BLDG_VALUE_LAND,auto_city_centroid,0,0,362,,yes
53,53051,Cusick town,cusick_town,338,48.332937,-117.295048,watech_current_parcels,waza_statewide,waza configured for county — populate/join remaining (Cusick town),https://services6.arcgis.com/tboeqGwETr5ppr5Q/arcgis/rest/services/WAZA_Prototype_Layers/FeatureServer/0,watech_VALUE_BLDG_VALUE_LAND,auto_city_centroid,0,0,338,,yes
53,53051,Metaline Falls town,metaline_falls_town,191,48.861384,-117.371887,watech_current_parcels,waza_statewide,waza configured for county — populate/join remaining (Metaline Falls town),https://services6.arcgis.com/tboeqGwETr5ppr5Q/arcgis/rest/services/WAZA_Prototype_Layers/FeatureServer/0,watech_VALUE_BLDG_VALUE_LAND,auto_city_centroid,6,6,191,pend_oreille_unincorporated,yes
53,53051,Metaline town,metaline_town,152,48.852070,-117.389853,watech_current_parcels,waza_statewide,waza configured for county — populate/join remaining (Metaline town),https://services6.arcgis.com/tboeqGwETr5ppr5Q/arcgis/rest/services/WAZA_Prototype_Layers/FeatureServer/0,watech_VALUE_BLDG_VALUE_LAND,auto_city_centroid,0,0,152,,yes
53,53053,Tacoma city,tacoma_city,72571,47.239295,-122.459309,watech_current_parcels,county_phase_b_overlay,pierce_county_zoning,,watech_VALUE_BLDG_VALUE_LAND,auto_city_centroid,0,72571,72571,tacoma_city,yes
53,53053,Lakewood city,lakewood_city,16993,47.165093,-122.534528,watech_current_parcels,city_gis_catalog,pierce_county,https://services2.arcgis.com/1UvBaQ5y1ubjUPmd/ArcGIS/rest/services/Zoning/FeatureServer/0,watech_VALUE_BLDG_VALUE_LAND,auto_city_centroid,0,16781,16993,pierce_county,yes
53,53053,Puyallup city,puyallup_city,13516,47.179804,-122.290351,watech_current_parcels,county_phase_b_overlay,pierce_county_zoning,,watech_VALUE_BLDG_VALUE_LAND,auto_city_centroid,0,13509,13516,puyallup_city,yes
53,53053,University Place city,university_place_city,10539,47.217767,-122.541796,watech_current_parcels,county_phase_b_overlay,pierce_county_zoning,,watech_VALUE_BLDG_VALUE_LAND,auto_city_centroid,0,10390,10539,university_place_city,yes
53,53053,Bonney Lake city,bonney_lake_city,7912,47.177843,-122.172371,watech_current_parcels,county_phase_b_overlay,pierce_county_zoning,,watech_VALUE_BLDG_VALUE_LAND,auto_city_centroid,0,7912,7912,bonney_lake_city,yes
53,53053,Gig Harbor city,gig_harbor_city,5242,47.334499,-122.592952,watech_current_parcels,county_phase_b_overlay,pierce_county_zoning,,watech_VALUE_BLDG_VALUE_LAND,auto_city_centroid,0,5089,5242,gig_harbor_city,yes
53,53053,Edgewood city,edgewood_city,5109,47.231152,-122.286264,watech_current_parcels,county_phase_b_overlay,pierce_county_zoning,,watech_VALUE_BLDG_VALUE_LAND,auto_city_centroid,0,5109,5109,edgewood_city,yes
53,53053,Sumner city,sumner_city,3926,47.204750,-122.232442,watech_current_parcels,county_phase_b_overlay,pierce_county_zoning,,watech_VALUE_BLDG_VALUE_LAND,auto_city_centroid,0,3917,3926,sumner_city,yes
53,53053,DuPont city,dupont_city,3395,47.098011,-122.655842,watech_current_parcels,county_phase_b_overlay,pierce_county_zoning,,watech_VALUE_BLDG_VALUE_LAND,auto_city_centroid,0,3395,3395,dupont_city,yes
53,53053,Fife city,fife_city,3160,47.230628,-122.349817,watech_current_parcels,county_phase_b_overlay,pierce_county_zoning,,watech_VALUE_BLDG_VALUE_LAND,auto_city_centroid,0,3112,3160,fife_city,yes
53,53053,Orting city,orting_city,3145,47.100845,-122.213427,watech_current_parcels,county_phase_b_overlay,pierce_county_zoning,,watech_VALUE_BLDG_VALUE_LAND,auto_city_centroid,0,3139,3145,orting_city,yes
53,53053,Auburn city,auburn_city,3075,47.250448,-122.210938,watech_current_parcels,city_gis_catalog,pierce_county,https://services2.arcgis.com/1UvBaQ5y1ubjUPmd/ArcGIS/rest/services/Zoning/FeatureServer/0,watech_VALUE_BLDG_VALUE_LAND,auto_city_centroid,0,3075,3075,pierce_county,yes
53,53053,Steilacoom town,steilacoom_town,2724,47.169448,-122.594175,watech_current_parcels,county_phase_b_overlay,pierce_county_zoning,,watech_VALUE_BLDG_VALUE_LAND,auto_city_centroid,0,2724,2724,steilacoom_city,yes
53,53053,Fircrest city,fircrest_city,2555,47.230310,-122.514072,watech_current_parcels,county_phase_b_overlay,pierce_county_zoning,,watech_VALUE_BLDG_VALUE_LAND,auto_city_centroid,0,2555,2555,fircrest_city,yes
53,53053,Buckley city,buckley_city,2359,47.160677,-122.023375,watech_current_parcels,county_phase_b_overlay,pierce_county_zoning,,watech_VALUE_BLDG_VALUE_LAND,auto_city_centroid,0,2359,2359,buckley_city,yes
53,53053,Milton city,milton_city,2299,47.249686,-122.313678,watech_current_parcels,county_phase_b_overlay,pierce_county_zoning,,watech_VALUE_BLDG_VALUE_LAND,auto_city_centroid,0,2281,2299,milton_city,yes
53,53053,Eatonville town,eatonville_town,1301,46.867710,-122.269693,watech_current_parcels,county_phase_b_overlay,pierce_county_zoning,,watech_VALUE_BLDG_VALUE_LAND,auto_city_centroid,0,1301,1301,eatonville_city,yes
53,53053,Ruston town,ruston_town,555,47.297964,-122.511389,watech_current_parcels,county_phase_b_overlay,pierce_county_zoning,,watech_VALUE_BLDG_VALUE_LAND,auto_city_centroid,0,555,555,ruston_city,yes
53,53053,Roy city,roy_city,351,46.996696,-122.542304,watech_current_parcels,county_phase_b_overlay,pierce_county_zoning,,watech_VALUE_BLDG_VALUE_LAND,auto_city_centroid,0,351,351,roy_city,yes
53,53053,Carbonado town,carbonado_town,334,47.079989,-122.052535,watech_current_parcels,county_phase_b_overlay,pierce_county_zoning,,watech_VALUE_BLDG_VALUE_LAND,auto_city_centroid,0,334,334,carbonado_city,yes
53,53053,Wilkeson town,wilkeson_town,303,47.106613,-122.046769,watech_current_parcels,county_phase_b_overlay,pierce_county_zoning,,watech_VALUE_BLDG_VALUE_LAND,auto_city_centroid,0,303,303,wilkeson_city,yes
53,53053,South Prairie town,south_prairie_town,227,47.138338,-122.096223,watech_current_parcels,county_phase_b_overlay,pierce_county_zoning,,watech_VALUE_BLDG_VALUE_LAND,auto_city_centroid,0,227,227,south_prairie_city,yes
53,53053,Pacific city,pacific_city,200,47.250511,-122.251027,watech_current_parcels,city_gis_catalog,pierce_county,https://services2.arcgis.com/1UvBaQ5y1ubjUPmd/ArcGIS/rest/services/Zoning/FeatureServer/0,watech_VALUE_BLDG_VALUE_LAND,auto_city_centroid,0,199,200,pierce_county,yes
53,53053,Federal Way city,federal_way_city,3,47.286601,-122.368913,watech_current_parcels,city_gis_catalog,pierce_county,https://services2.arcgis.com/1UvBaQ5y1ubjUPmd/ArcGIS/rest/services/Zoning/FeatureServer/0,watech_VALUE_BLDG_VALUE_LAND,county_seat_or_metro_yaml,0,3,3,pierce_county,no
53,53055,(unincorporated),unincorporated,8000,48.555321,-122.884617,watech_current_parcels,waza_statewide,san_juan_unincorporated,https://services6.arcgis.com/tboeqGwETr5ppr5Q/arcgis/rest/services/WAZA_Prototype_Layers/FeatureServer/0,watech_VALUE_BLDG_VALUE_LAND,county_seat_or_metro_yaml,7972,7972,8000,san_juan_unincorporated,no
53,53057,Mount Vernon city,mount_vernon_city,11731,48.422989,-122.310334,watech_current_parcels,county_or_local_overlay_present,zoning_code already on parcels,,watech_VALUE_BLDG_VALUE_LAND,auto_city_centroid,0,11731,11731,mount_vernon_city,yes
53,53057,Anacortes city,anacortes_city,10179,48.499981,-122.636557,watech_current_parcels,county_or_local_overlay_present,zoning_code already on parcels,,watech_VALUE_BLDG_VALUE_LAND,auto_city_centroid,0,10179,10179,anacortes_city,yes
53,53057,Sedro-Woolley city,sedro_woolley_city,4402,48.508924,-122.232666,watech_current_parcels,county_or_local_overlay_present,zoning_code already on parcels,,watech_VALUE_BLDG_VALUE_LAND,auto_city_centroid,0,4402,4402,sedro_woolley_city,yes
53,53057,Burlington city,burlington_city,3335,48.471003,-122.327342,watech_current_parcels,county_or_local_overlay_present,zoning_code already on parcels,,watech_VALUE_BLDG_VALUE_LAND,auto_city_centroid,0,3335,3335,burlington_city,yes
53,53057,La Conner town,la_conner_town,682,48.390701,-122.494341,watech_current_parcels,county_or_local_overlay_present,zoning_code already on parcels,,watech_VALUE_BLDG_VALUE_LAND,auto_city_centroid,0,681,682,la_conner_city,yes
53,53057,Concrete town,concrete_town,605,48.537056,-121.752524,watech_current_parcels,county_or_local_overlay_present,zoning_code already on parcels,,watech_VALUE_BLDG_VALUE_LAND,auto_city_centroid,0,604,605,concrete_city,yes
53,53057,Hamilton town,hamilton_town,318,48.523483,-121.990523,watech_current_parcels,county_or_local_overlay_present,zoning_code already on parcels,,watech_VALUE_BLDG_VALUE_LAND,auto_city_centroid,0,315,318,hamilton_city,yes
53,53057,Lyman town,lyman_town,255,48.526451,-122.062394,watech_current_parcels,county_or_local_overlay_present,zoning_code already on parcels,,watech_VALUE_BLDG_VALUE_LAND,auto_city_centroid,0,255,255,lyman_city,yes
53,53059,Stevenson city,stevenson_city,936,45.697033,-121.887222,watech_current_parcels,county_or_local_overlay_present,zoning_code already on parcels,,watech_VALUE_BLDG_VALUE_LAND,auto_city_centroid,0,928,936,stevenson_city,yes
53,53059,North Bonneville city,north_bonneville_city,474,45.640618,-121.972868,watech_current_parcels,county_or_local_overlay_present,zoning_code already on parcels,,watech_VALUE_BLDG_VALUE_LAND,auto_city_centroid,0,467,474,north_bonneville_city,yes
53,53061,Everett city,everett_city,32515,47.947629,-122.218795,watech_current_parcels,county_phase_b_overlay,snohomish_county_zoning,,watech_VALUE_BLDG_VALUE_LAND,auto_city_centroid,0,32253,32515,everett_city,yes
53,53061,Marysville city,marysville_city,25030,48.073261,-122.150514,watech_current_parcels,county_phase_b_overlay,snohomish_county_zoning,,watech_VALUE_BLDG_VALUE_LAND,auto_city_centroid,0,25025,25030,marysville_city,yes
53,53061,Edmonds city,edmonds_city,16807,47.809007,-122.355355,watech_current_parcels,county_phase_b_overlay,snohomish_county_zoning,,watech_VALUE_BLDG_VALUE_LAND,auto_city_centroid,0,16807,16807,edmonds_city,yes
53,53061,Lake Stevens city,lake_stevens_city,13726,48.000616,-122.097317,watech_current_parcels,county_phase_b_overlay,snohomish_county_zoning,,watech_VALUE_BLDG_VALUE_LAND,auto_city_centroid,0,13722,13726,lake_stevens_city,yes
53,53061,Lynnwood city,lynnwood_city,11347,47.829970,-122.305172,watech_current_parcels,county_phase_b_overlay,snohomish_county_zoning,,watech_VALUE_BLDG_VALUE_LAND,auto_city_centroid,0,11311,11347,lynnwood_city,yes
53,53061,Mukilteo city,mukilteo_city,8174,47.910179,-122.304038,watech_current_parcels,county_phase_b_overlay,snohomish_county_zoning,,watech_VALUE_BLDG_VALUE_LAND,auto_city_centroid,0,8173,8174,mukilteo_city,yes
53,53061,Mountlake Terrace city,mountlake_terrace_city,7251,47.792792,-122.304523,watech_current_parcels,county_phase_b_overlay,snohomish_county_zoning,,watech_VALUE_BLDG_VALUE_LAND,auto_city_centroid,0,7236,7251,mountlake_terrace_city,yes
53,53061,Arlington city,arlington_city,7133,48.171284,-122.142412,watech_current_parcels,county_phase_b_overlay,snohomish_county_zoning,,watech_VALUE_BLDG_VALUE_LAND,auto_city_centroid,0,7132,7133,arlington_city,yes
53,53061,Bothell city,bothell_city,7011,47.790500,-122.214730,watech_current_parcels,county_phase_b_overlay,snohomish_county_zoning,,watech_VALUE_BLDG_VALUE_LAND,auto_city_centroid,0,7011,7011,bothell_city,yes
53,53061,Mill Creek city,mill_creek_city,6436,47.863734,-122.199841,watech_current_parcels,county_phase_b_overlay,snohomish_county_zoning,,watech_VALUE_BLDG_VALUE_LAND,auto_city_centroid,0,6435,6436,mill_creek_city,yes
53,53061,Monroe city,monroe_city,6322,47.861627,-121.985886,watech_current_parcels,county_phase_b_overlay,snohomish_county_zoning,,watech_VALUE_BLDG_VALUE_LAND,auto_city_centroid,0,6315,6322,monroe_city,yes
53,53061,Snohomish city,snohomish_city,4113,47.924576,-122.094062,watech_current_parcels,county_phase_b_overlay,snohomish_county_zoning,,watech_VALUE_BLDG_VALUE_LAND,auto_city_centroid,0,4107,4113,snohomish_city,yes
53,53061,Stanwood city,stanwood_city,3194,48.246903,-122.340333,watech_current_parcels,county_phase_b_overlay,snohomish_county_zoning,,watech_VALUE_BLDG_VALUE_LAND,auto_city_centroid,0,3189,3194,stanwood_city,yes
53,53061,Sultan city,sultan_city,3004,47.871878,-121.807385,watech_current_parcels,county_phase_b_overlay,snohomish_county_zoning,,watech_VALUE_BLDG_VALUE_LAND,auto_city_centroid,0,3000,3004,sultan_city,yes
53,53061,Brier city,brier_city,2587,47.792241,-122.273389,watech_current_parcels,county_phase_b_overlay,snohomish_county_zoning,,watech_VALUE_BLDG_VALUE_LAND,auto_city_centroid,0,2586,2587,brier_city,yes
53,53061,Granite Falls city,granite_falls_city,1901,48.085195,-121.975245,watech_current_parcels,county_phase_b_overlay,snohomish_county_zoning,,watech_VALUE_BLDG_VALUE_LAND,auto_city_centroid,0,1896,1901,granite_falls_city,yes
53,53061,Gold Bar city,gold_bar_city,1072,47.856316,-121.692651,watech_current_parcels,county_phase_b_overlay,snohomish_county_zoning,,watech_VALUE_BLDG_VALUE_LAND,auto_city_centroid,0,1071,1072,gold_bar_city,yes
53,53061,Darrington town,darrington_town,897,48.252248,-121.604397,watech_current_parcels,county_phase_b_overlay,snohomish_county_zoning,,watech_VALUE_BLDG_VALUE_LAND,auto_city_centroid,0,896,897,darrington_city,yes
53,53061,Woodway city,woodway_city,561,47.787318,-122.384076,watech_current_parcels,county_phase_b_overlay,snohomish_county_zoning,,watech_VALUE_BLDG_VALUE_LAND,auto_city_centroid,0,561,561,woodway_city,yes
53,53061,Index town,index_town,217,47.821058,-121.555282,watech_current_parcels,city_gis_catalog,snohomish_county,https://services6.arcgis.com/z6WYi9VRHfgwgtyW/arcgis/rest/services/CouncilExv1A_Zoning/FeatureServer/0,watech_VALUE_BLDG_VALUE_LAND,auto_city_centroid,0,4,217,snohomish_county,yes
53,53063,Spokane city,spokane_city,81200,47.676406,-117.414042,watech_current_parcels,county_or_local_overlay_present,zoning_code already on parcels,,watech_VALUE_BLDG_VALUE_LAND,auto_city_centroid,0,81198,81200,spokane_city,yes
53,53063,Spokane Valley city,spokane_valley_city,34027,47.657962,-117.238530,watech_current_parcels,county_or_local_overlay_present,zoning_code already on parcels,,watech_VALUE_BLDG_VALUE_LAND,auto_city_centroid,0,33933,34027,spokane_valley_city,yes
53,53063,Liberty Lake city,liberty_lake_city,5128,47.670520,-117.099688,watech_current_parcels,county_or_local_overlay_present,zoning_code already on parcels,,watech_VALUE_BLDG_VALUE_LAND,auto_city_centroid,0,5113,5128,liberty_lake_city,yes
53,53063,Cheney city,cheney_city,2772,47.492882,-117.580398,watech_current_parcels,county_or_local_overlay_present,zoning_code already on parcels,,watech_VALUE_BLDG_VALUE_LAND,auto_city_centroid,0,2772,2772,cheney_city,yes
53,53063,Deer Park city,deer_park_city,2697,47.957302,-117.463350,watech_current_parcels,county_or_local_overlay_present,zoning_code already on parcels,,watech_VALUE_BLDG_VALUE_LAND,auto_city_centroid,0,2691,2697,deer_park_city,yes
53,53063,Airway Heights city,airway_heights_city,2630,47.647433,-117.585262,watech_current_parcels,county_or_local_overlay_present,zoning_code already on parcels,,watech_VALUE_BLDG_VALUE_LAND,auto_city_centroid,0,2630,2630,airway_heights_city,yes
53,53063,Medical Lake city,medical_lake_city,1796,47.576931,-117.677804,watech_current_parcels,county_or_local_overlay_present,zoning_code already on parcels,,watech_VALUE_BLDG_VALUE_LAND,auto_city_centroid,0,1783,1796,medical_lake_city,yes
53,53063,Millwood city,millwood_city,838,47.685524,-117.282656,watech_current_parcels,county_or_local_overlay_present,zoning_code already on parcels,,watech_VALUE_BLDG_VALUE_LAND,auto_city_centroid,0,835,838,millwood_city,yes
53,53063,Rockford town,rockford_town,452,47.451405,-117.130804,watech_current_parcels,county_or_local_overlay_present,zoning_code already on parcels,,watech_VALUE_BLDG_VALUE_LAND,auto_city_centroid,0,447,452,rockford_city,yes
53,53063,Fairfield town,fairfield_town,362,47.386147,-117.174835,watech_current_parcels,county_or_local_overlay_present,zoning_code already on parcels,,watech_VALUE_BLDG_VALUE_LAND,auto_city_centroid,0,350,362,fairfield_city,yes
53,53063,Spangle city,spangle_city,217,47.429748,-117.378762,watech_current_parcels,county_or_local_overlay_present,zoning_code already on parcels,,watech_VALUE_BLDG_VALUE_LAND,auto_city_centroid,0,217,217,spangle_city,yes
53,53063,Latah town,latah_town,189,47.281278,-117.154876,watech_current_parcels,county_or_local_overlay_present,zoning_code already on parcels,,watech_VALUE_BLDG_VALUE_LAND,auto_city_centroid,0,188,189,latah_city,yes
53,53063,Waverly town,waverly_town,151,47.340401,-117.228609,watech_current_parcels,county_or_local_overlay_present,zoning_code already on parcels,,watech_VALUE_BLDG_VALUE_LAND,auto_city_centroid,0,150,151,waverly_city,yes
53,53065,Colville city,colville_city,2263,48.544224,-117.899018,watech_current_parcels,county_or_local_overlay_present,zoning_code already on parcels,,watech_VALUE_BLDG_VALUE_LAND,auto_city_centroid,0,2260,2263,colville_city,yes
53,53065,Chewelah city,chewelah_city,1646,48.288113,-117.729765,watech_current_parcels,county_or_local_overlay_present,zoning_code already on parcels,,watech_VALUE_BLDG_VALUE_LAND,auto_city_centroid,0,1643,1646,chewelah_city,yes
53,53065,Kettle Falls city,kettle_falls_city,761,48.604650,-118.057585,watech_current_parcels,county_or_local_overlay_present,zoning_code already on parcels,,watech_VALUE_BLDG_VALUE_LAND,auto_city_centroid,0,761,761,kettle_falls_city,yes
53,53065,Northport town,northport_town,364,48.914612,-117.784152,watech_current_parcels,county_or_local_overlay_present,zoning_code already on parcels,,watech_VALUE_BLDG_VALUE_LAND,auto_city_centroid,0,363,364,northport_city,yes
53,53065,Springdale town,springdale_town,248,48.057860,-117.743213,watech_current_parcels,county_or_local_overlay_present,zoning_code already on parcels,,watech_VALUE_BLDG_VALUE_LAND,auto_city_centroid,0,248,248,springdale_city,yes
53,53065,Marcus town,marcus_town,156,48.664477,-118.062723,watech_current_parcels,county_or_local_overlay_present,zoning_code already on parcels,,watech_VALUE_BLDG_VALUE_LAND,auto_city_centroid,0,149,156,marcus_city,yes
53,53067,Olympia city,olympia_city,19241,47.041632,-122.894521,watech_current_parcels,county_phase_b_overlay,thurston_county_zoning,,watech_VALUE_BLDG_VALUE_LAND,auto_city_centroid,0,19083,19241,olympia_city,yes
53,53067,Lacey city,lacey_city,18457,47.034853,-122.797744,watech_current_parcels,county_phase_b_overlay,thurston_county_zoning,,watech_VALUE_BLDG_VALUE_LAND,auto_city_centroid,0,18457,18457,lacey_city,yes
53,53067,Tumwater city,tumwater_city,10564,46.993926,-122.910684,watech_current_parcels,county_phase_b_overlay,thurston_county_zoning,,watech_VALUE_BLDG_VALUE_LAND,auto_city_centroid,0,10563,10564,tumwater_city,yes
53,53067,Yelm city,yelm_city,3721,46.944812,-122.612090,watech_current_parcels,county_phase_b_overlay,thurston_county_zoning,,watech_VALUE_BLDG_VALUE_LAND,auto_city_centroid,0,3721,3721,yelm_city,yes
53,53067,Rainier city,rainier_city,1040,46.892071,-122.688556,watech_current_parcels,county_phase_b_overlay,thurston_county_zoning,,watech_VALUE_BLDG_VALUE_LAND,auto_city_centroid,0,1040,1040,rainier_city,yes
53,53067,Tenino city,tenino_city,983,46.856192,-122.850289,watech_current_parcels,county_phase_b_overlay,thurston_county_zoning,,watech_VALUE_BLDG_VALUE_LAND,auto_city_centroid,0,983,983,tenino_city,yes
53,53067,Bucoda town,bucoda_town,402,46.797960,-122.868664,watech_current_parcels,county_phase_b_overlay,thurston_county_zoning,,watech_VALUE_BLDG_VALUE_LAND,auto_city_centroid,0,402,402,bucoda_city,yes
53,53069,Cathlamet town,cathlamet_town,380,46.201751,-123.381396,watech_current_parcels,county_or_local_overlay_present,zoning_code already on parcels,,watech_VALUE_BLDG_VALUE_LAND,auto_city_centroid,0,375,380,cathlamet_city,yes
53,53071,Walla Walla city,walla_walla_city,12237,46.063057,-118.327084,watech_current_parcels,county_or_local_overlay_present,zoning_code already on parcels,,watech_VALUE_BLDG_VALUE_LAND,auto_city_centroid,0,11984,12237,walla_walla_city,yes
53,53071,College Place city,college_place_city,3471,46.044616,-118.384266,watech_current_parcels,county_or_local_overlay_present,zoning_code already on parcels,,watech_VALUE_BLDG_VALUE_LAND,auto_city_centroid,0,3436,3471,college_place_city,yes
53,53071,Waitsburg city,waitsburg_city,784,46.268506,-118.152786,watech_current_parcels,county_or_local_overlay_present,zoning_code already on parcels,,watech_VALUE_BLDG_VALUE_LAND,auto_city_centroid,0,783,784,waitsburg_city,yes
53,53071,Prescott city,prescott_city,225,46.299390,-118.313645,watech_current_parcels,needs_overlay_or_waza,parcel base present; queue Phase B / WAZA populate for this county,,watech_VALUE_BLDG_VALUE_LAND,auto_city_centroid,0,0,225,,yes
53,53073,Bellingham city,bellingham_city,31956,48.757211,-122.471640,watech_current_parcels,county_or_local_overlay_present,zoning_code already on parcels,,watech_VALUE_BLDG_VALUE_LAND,auto_city_centroid,0,31950,31956,bellingham_city,yes
53,53073,Ferndale city,ferndale_city,6473,48.856256,-122.597625,watech_current_parcels,county_or_local_overlay_present,zoning_code already on parcels,,watech_VALUE_BLDG_VALUE_LAND,auto_city_centroid,0,6473,6473,ferndale_city,yes
53,53073,Lynden city,lynden_city,6340,48.951706,-122.448392,watech_current_parcels,county_or_local_overlay_present,zoning_code already on parcels,,watech_VALUE_BLDG_VALUE_LAND,auto_city_centroid,0,6339,6340,lynden_city,yes
53,53073,Blaine city,blaine_city,4018,48.985357,-122.750221,watech_current_parcels,county_or_local_overlay_present,zoning_code already on parcels,,watech_VALUE_BLDG_VALUE_LAND,auto_city_centroid,0,3632,4018,blaine_city,yes
53,53073,Everson city,everson_city,1087,48.913182,-122.351142,watech_current_parcels,county_or_local_overlay_present,zoning_code already on parcels,,watech_VALUE_BLDG_VALUE_LAND,auto_city_centroid,0,1087,1087,everson_city,yes
53,53073,Sumas city,sumas_city,838,48.996281,-122.263231,watech_current_parcels,county_or_local_overlay_present,zoning_code already on parcels,,watech_VALUE_BLDG_VALUE_LAND,auto_city_centroid,0,838,838,sumas_city,yes
53,53073,Nooksack city,nooksack_city,703,48.927405,-122.321239,watech_current_parcels,county_or_local_overlay_present,zoning_code already on parcels,,watech_VALUE_BLDG_VALUE_LAND,auto_city_centroid,0,703,703,nooksack_city,yes
53,53075,(unincorporated),unincorporated,18230,46.899030,-117.427457,watech_current_parcels,waza_statewide,pullman_city,https://services6.arcgis.com/tboeqGwETr5ppr5Q/arcgis/rest/services/WAZA_Prototype_Layers/FeatureServer/0,watech_VALUE_BLDG_VALUE_LAND,county_seat_or_metro_yaml,588,588,18230,pullman_city,no
53,53075,Pullman city,pullman_city,5965,46.730412,-117.181600,watech_current_parcels,waza_statewide,pullman_city,https://services6.arcgis.com/tboeqGwETr5ppr5Q/arcgis/rest/services/WAZA_Prototype_Layers/FeatureServer/0,watech_VALUE_BLDG_VALUE_LAND,auto_city_centroid,5964,5964,5965,pullman_city,yes
53,53075,Colfax city,colfax_city,2022,46.882696,-117.361109,watech_current_parcels,waza_statewide,waza configured for county — populate/join remaining (Colfax city),https://services6.arcgis.com/tboeqGwETr5ppr5Q/arcgis/rest/services/WAZA_Prototype_Layers/FeatureServer/0,watech_VALUE_BLDG_VALUE_LAND,auto_city_centroid,0,0,2022,,yes
53,53075,Palouse city,palouse_city,910,46.910848,-117.074381,watech_current_parcels,waza_statewide,palouse_city,https://services6.arcgis.com/tboeqGwETr5ppr5Q/arcgis/rest/services/WAZA_Prototype_Layers/FeatureServer/0,watech_VALUE_BLDG_VALUE_LAND,auto_city_centroid,910,910,910,palouse_city,yes
53,53075,Tekoa city,tekoa_city,879,47.223855,-117.072744,watech_current_parcels,waza_statewide,waza configured for county — populate/join remaining (Tekoa city),https://services6.arcgis.com/tboeqGwETr5ppr5Q/arcgis/rest/services/WAZA_Prototype_Layers/FeatureServer/0,watech_VALUE_BLDG_VALUE_LAND,auto_city_centroid,0,0,879,,yes
53,53075,Oakesdale town,oakesdale_town,608,47.128658,-117.245090,watech_current_parcels,waza_statewide,waza configured for county — populate/join remaining (Oakesdale town),https://services6.arcgis.com/tboeqGwETr5ppr5Q/arcgis/rest/services/WAZA_Prototype_Layers/FeatureServer/0,watech_VALUE_BLDG_VALUE_LAND,auto_city_centroid,0,0,608,,yes
53,53075,Rosalia town,rosalia_town,603,47.236229,-117.369121,watech_current_parcels,waza_statewide,waza configured for county — populate/join remaining (Rosalia town),https://services6.arcgis.com/tboeqGwETr5ppr5Q/arcgis/rest/services/WAZA_Prototype_Layers/FeatureServer/0,watech_VALUE_BLDG_VALUE_LAND,auto_city_centroid,0,0,603,,yes
53,53075,Garfield town,garfield_town,571,47.008129,-117.142022,watech_current_parcels,waza_statewide,garfield_city,https://services6.arcgis.com/tboeqGwETr5ppr5Q/arcgis/rest/services/WAZA_Prototype_Layers/FeatureServer/0,watech_VALUE_BLDG_VALUE_LAND,auto_city_centroid,569,569,571,garfield_city,yes
53,53075,St. John town,st_john_town,551,47.090013,-117.583554,watech_current_parcels,waza_statewide,waza configured for county — populate/join remaining (St. John town),https://services6.arcgis.com/tboeqGwETr5ppr5Q/arcgis/rest/services/WAZA_Prototype_Layers/FeatureServer/0,watech_VALUE_BLDG_VALUE_LAND,auto_city_centroid,0,0,551,,yes
53,53075,LaCrosse town,lacrosse_town,444,46.814265,-117.880133,watech_current_parcels,waza_statewide,waza configured for county — populate/join remaining (LaCrosse town),https://services6.arcgis.com/tboeqGwETr5ppr5Q/arcgis/rest/services/WAZA_Prototype_Layers/FeatureServer/0,watech_VALUE_BLDG_VALUE_LAND,auto_city_centroid,0,0,444,,yes
53,53075,Uniontown town,uniontown_town,435,46.537834,-117.086137,watech_current_parcels,waza_statewide,waza configured for county — populate/join remaining (Uniontown town),https://services6.arcgis.com/tboeqGwETr5ppr5Q/arcgis/rest/services/WAZA_Prototype_Layers/FeatureServer/0,watech_VALUE_BLDG_VALUE_LAND,auto_city_centroid,0,0,435,,yes
53,53075,Albion town,albion_town,380,46.791990,-117.249932,watech_current_parcels,waza_statewide,waza configured for county — populate/join remaining (Albion town),https://services6.arcgis.com/tboeqGwETr5ppr5Q/arcgis/rest/services/WAZA_Prototype_Layers/FeatureServer/0,watech_VALUE_BLDG_VALUE_LAND,auto_city_centroid,0,0,380,,yes
53,53075,Endicott town,endicott_town,322,46.928669,-117.685577,watech_current_parcels,waza_statewide,waza configured for county — populate/join remaining (Endicott town),https://services6.arcgis.com/tboeqGwETr5ppr5Q/arcgis/rest/services/WAZA_Prototype_Layers/FeatureServer/0,watech_VALUE_BLDG_VALUE_LAND,auto_city_centroid,0,0,322,,yes
53,53075,Farmington town,farmington_town,307,47.089787,-117.045764,watech_current_parcels,waza_statewide,farmington_city,https://services6.arcgis.com/tboeqGwETr5ppr5Q/arcgis/rest/services/WAZA_Prototype_Layers/FeatureServer/0,watech_VALUE_BLDG_VALUE_LAND,auto_city_centroid,275,275,307,farmington_city,yes
53,53075,Malden town,malden_town,304,47.228069,-117.473167,watech_current_parcels,waza_statewide,waza configured for county — populate/join remaining (Malden town),https://services6.arcgis.com/tboeqGwETr5ppr5Q/arcgis/rest/services/WAZA_Prototype_Layers/FeatureServer/0,watech_VALUE_BLDG_VALUE_LAND,auto_city_centroid,0,0,304,,yes
53,53075,Colton town,colton_town,271,46.566419,-117.126540,watech_current_parcels,waza_statewide,colton_city,https://services6.arcgis.com/tboeqGwETr5ppr5Q/arcgis/rest/services/WAZA_Prototype_Layers/FeatureServer/0,watech_VALUE_BLDG_VALUE_LAND,auto_city_centroid,250,250,271,colton_city,yes
53,53075,Lamont town,lamont_town,151,47.200693,-117.904991,watech_current_parcels,waza_statewide,waza configured for county — populate/join remaining (Lamont town),https://services6.arcgis.com/tboeqGwETr5ppr5Q/arcgis/rest/services/WAZA_Prototype_Layers/FeatureServer/0,watech_VALUE_BLDG_VALUE_LAND,auto_city_centroid,0,0,151,,yes
53,53077,Yakima city,yakima_city,30244,46.593184,-120.549857,watech_current_parcels,county_or_local_overlay_present,zoning_code already on parcels,,watech_VALUE_BLDG_VALUE_LAND,auto_city_centroid,0,30239,30244,yakima_city,yes
53,53077,Sunnyside city,sunnyside_city,4467,46.320594,-120.012870,watech_current_parcels,county_or_local_overlay_present,zoning_code already on parcels,,watech_VALUE_BLDG_VALUE_LAND,auto_city_centroid,0,4463,4467,sunnyside_city,yes
53,53077,Grandview city,grandview_city,3210,46.253684,-119.910717,watech_current_parcels,county_or_local_overlay_present,zoning_code already on parcels,,watech_VALUE_BLDG_VALUE_LAND,auto_city_centroid,0,3208,3210,grandview_city,yes
53,53077,Selah city,selah_city,3002,46.655246,-120.538473,watech_current_parcels,county_or_local_overlay_present,zoning_code already on parcels,,watech_VALUE_BLDG_VALUE_LAND,auto_city_centroid,0,2999,3002,selah_city,yes
53,53077,Union Gap city,union_gap_city,2608,46.560754,-120.494449,watech_current_parcels,county_or_local_overlay_present,zoning_code already on parcels,,watech_VALUE_BLDG_VALUE_LAND,auto_city_centroid,0,2593,2608,union_gap_city,yes
53,53077,Toppenish city,toppenish_city,2432,46.378266,-120.311601,watech_current_parcels,county_or_local_overlay_present,zoning_code already on parcels,,watech_VALUE_BLDG_VALUE_LAND,auto_city_centroid,0,2418,2432,toppenish_city,yes
53,53077,Moxee city,moxee_city,1633,46.556757,-120.382859,watech_current_parcels,county_or_local_overlay_present,zoning_code already on parcels,,watech_VALUE_BLDG_VALUE_LAND,auto_city_centroid,0,1631,1633,moxee_city,yes
53,53077,Wapato city,wapato_city,1245,46.446485,-120.421468,watech_current_parcels,county_or_local_overlay_present,zoning_code already on parcels,,watech_VALUE_BLDG_VALUE_LAND,auto_city_centroid,0,1243,1245,wapato_city,yes
53,53077,Zillah city,zillah_city,1202,46.405176,-120.263240,watech_current_parcels,county_or_local_overlay_present,zoning_code already on parcels,,watech_VALUE_BLDG_VALUE_LAND,auto_city_centroid,0,1198,1202,zillah_city,yes
53,53077,Granger city,granger_city,1032,46.344212,-120.191670,watech_current_parcels,county_or_local_overlay_present,zoning_code already on parcels,,watech_VALUE_BLDG_VALUE_LAND,auto_city_centroid,0,1027,1032,granger_city,yes
53,53077,Mabton city,mabton_city,749,46.212361,-119.997058,watech_current_parcels,county_or_local_overlay_present,zoning_code already on parcels,,watech_VALUE_BLDG_VALUE_LAND,auto_city_centroid,0,744,749,mabton_city,yes
53,53077,Tieton city,tieton_city,639,46.704898,-120.757659,watech_current_parcels,county_or_local_overlay_present,zoning_code already on parcels,,watech_VALUE_BLDG_VALUE_LAND,auto_city_centroid,0,635,639,tieton_city,yes
53,53077,Naches town,naches_town,469,46.730821,-120.700220,watech_current_parcels,county_or_local_overlay_present,zoning_code already on parcels,,watech_VALUE_BLDG_VALUE_LAND,auto_city_centroid,0,468,469,naches_city,yes
53,53077,Harrah town,harrah_town,236,46.405611,-120.542707,watech_current_parcels,county_or_local_overlay_present,zoning_code already on parcels,,watech_VALUE_BLDG_VALUE_LAND,auto_city_centroid,0,236,236,harrah_city,yes
